variable,group
lang_island_lang,1
lang_L1.POP_lang_tr,2
soceco_Gini.SWIID.10yr.median_country_tr,3
edu_Ed.spending.pcGDP.10yr.median_country_tr,4
edu_Mean.yr.school.10yr.median_country_tr,5
soceco_Life.exp.sixty.average_country_tr,5
soceco_gdp.pcap.10yrmed_country_tr,5
landuse_urban.change_country_tr,6
worldlang_world.language.as.official_country_tr,7
edu_minority.education.policy_country_tr,8
worldlang_Arabic_country_tr,9
worldlang_Bahasa_country_tr,10
worldlang_English_country_tr,11
worldlang_French_country_tr,12
worldlang_Hindustani_country_tr,13
worldlang_Mandarin_country_tr,14
worldlang_Portuguese_country_tr,15
worldlang_Russian_country_tr,16
worldlang_Spanish_country_tr,17
edu_used.in.education_lang_tr,18
lang_official.in.any.country_lang_tr,18
landuse_hfp_polygon_tr,19
landuse_built_polygon_tr,20
landuse_croplands_polygon_tr,19
landuse_pasture_polygon_tr,21
landuse_pop.density_polygon_tr,19
shift_hfp.change_polygon_tr,19
shift_built.change_polygon_tr,20
shift_croplands.change_polygon_tr,19
shift_pasture.change_polygon_tr,21
shift_pop.density.change_polygon_tr,19
enviro_mgs_polygon_tr,3
enviro_temperature.seasonality_polygon_tr,3
enviro_precipitation.seasonality_polygon_tr,3
div_language.richness_nb_tr,22
div_threatened.languages_nb_tr,22
div_prop.threatened.languages_nb_tr,22
div_language.evenness_nb_tr,23
conn_nav.water_nb_tr,24
conn_roads_nb_tr,19
conn_altitude.range_tr,25
conn_roughness_nb_tr,25
div_bordering.language.richness_lang_tr,22
div_bordering.language.richness.per.km.perim_lang_tr,22
div_bordering.language.evenness_lang_tr,22
biodiv_species.endangered_polygon_tr,26
biodiv_species.prop.endangered_polygon_tr,26
enviro_mean.annual.temperature.kelvin_polygon_tr,3
div_L1pop.over.nb.popdens_nb_tr,2
lang_polygon.area_lang_tr,22
lang_documentation_lang_tr,27
Polysynthetic,28
Extended,28
Western_Africa,29
Oceania,29
Europe,29
Southern_Asia,29
South_America,29
Northern_America,29
Africa,29
South-Eastern_Asia,29
Arab,29
Asia,29
Central_America,29
Australia_and_New_Zealand,29
lang_island_lang_Western_Africa,1
lang_island_lang_Oceania,1
lang_island_lang_Europe,1
lang_island_lang_Southern_Asia,1
lang_island_lang_South_America,1
lang_island_lang_Northern_America,1
lang_island_lang_Africa,1
lang_island_lang_South-Eastern_Asia,1
lang_island_lang_Arab,1
lang_island_lang_Asia,1
lang_island_lang_Central_America,1
lang_island_lang_Australia_and_New_Zealand,1
lang_L1.POP_lang_tr_Western_Africa,2
lang_L1.POP_lang_tr_Oceania,2
lang_L1.POP_lang_tr_Europe,2
lang_L1.POP_lang_tr_Southern_Asia,2
lang_L1.POP_lang_tr_South_America,2
lang_L1.POP_lang_tr_Northern_America,2
lang_L1.POP_lang_tr_Africa,2
lang_L1.POP_lang_tr_South-Eastern_Asia,2
lang_L1.POP_lang_tr_Arab,2
lang_L1.POP_lang_tr_Asia,2
lang_L1.POP_lang_tr_Central_America,2
lang_L1.POP_lang_tr_Australia_and_New_Zealand,2
soceco_Gini.SWIID.10yr.median_country_tr_Western_Africa,3
soceco_Gini.SWIID.10yr.median_country_tr_Oceania,3
soceco_Gini.SWIID.10yr.median_country_tr_Europe,3
soceco_Gini.SWIID.10yr.median_country_tr_Southern_Asia,3
soceco_Gini.SWIID.10yr.median_country_tr_South_America,3
soceco_Gini.SWIID.10yr.median_country_tr_Northern_America,3
soceco_Gini.SWIID.10yr.median_country_tr_Africa,3
soceco_Gini.SWIID.10yr.median_country_tr_South-Eastern_Asia,3
soceco_Gini.SWIID.10yr.median_country_tr_Arab,3
soceco_Gini.SWIID.10yr.median_country_tr_Asia,3
soceco_Gini.SWIID.10yr.median_country_tr_Central_America,3
soceco_Gini.SWIID.10yr.median_country_tr_Australia_and_New_Zealand,3
edu_Ed.spending.pcGDP.10yr.median_country_tr_Western_Africa,4
edu_Ed.spending.pcGDP.10yr.median_country_tr_Oceania,4
edu_Ed.spending.pcGDP.10yr.median_country_tr_Europe,4
edu_Ed.spending.pcGDP.10yr.median_country_tr_Southern_Asia,4
edu_Ed.spending.pcGDP.10yr.median_country_tr_South_America,4
edu_Ed.spending.pcGDP.10yr.median_country_tr_Northern_America,4
edu_Ed.spending.pcGDP.10yr.median_country_tr_Africa,4
edu_Ed.spending.pcGDP.10yr.median_country_tr_South-Eastern_Asia,4
edu_Ed.spending.pcGDP.10yr.median_country_tr_Arab,4
edu_Ed.spending.pcGDP.10yr.median_country_tr_Asia,4
edu_Ed.spending.pcGDP.10yr.median_country_tr_Central_America,4
edu_Ed.spending.pcGDP.10yr.median_country_tr_Australia_and_New_Zealand,4
edu_Mean.yr.school.10yr.median_country_tr_Western_Africa,5
edu_Mean.yr.school.10yr.median_country_tr_Oceania,5
edu_Mean.yr.school.10yr.median_country_tr_Europe,5
edu_Mean.yr.school.10yr.median_country_tr_Southern_Asia,5
edu_Mean.yr.school.10yr.median_country_tr_South_America,5
edu_Mean.yr.school.10yr.median_country_tr_Northern_America,5
edu_Mean.yr.school.10yr.median_country_tr_Africa,5
edu_Mean.yr.school.10yr.median_country_tr_South-Eastern_Asia,5
edu_Mean.yr.school.10yr.median_country_tr_Arab,5
edu_Mean.yr.school.10yr.median_country_tr_Asia,5
edu_Mean.yr.school.10yr.median_country_tr_Central_America,5
edu_Mean.yr.school.10yr.median_country_tr_Australia_and_New_Zealand,5
soceco_Life.exp.sixty.average_country_tr_Western_Africa,5
soceco_Life.exp.sixty.average_country_tr_Oceania,5
soceco_Life.exp.sixty.average_country_tr_Europe,5
soceco_Life.exp.sixty.average_country_tr_Southern_Asia,5
soceco_Life.exp.sixty.average_country_tr_South_America,5
soceco_Life.exp.sixty.average_country_tr_Northern_America,5
soceco_Life.exp.sixty.average_country_tr_Africa,5
soceco_Life.exp.sixty.average_country_tr_South-Eastern_Asia,5
soceco_Life.exp.sixty.average_country_tr_Arab,5
soceco_Life.exp.sixty.average_country_tr_Asia,5
soceco_Life.exp.sixty.average_country_tr_Central_America,5
soceco_Life.exp.sixty.average_country_tr_Australia_and_New_Zealand,5
soceco_gdp.pcap.10yrmed_country_tr_Western_Africa,5
soceco_gdp.pcap.10yrmed_country_tr_Oceania,5
soceco_gdp.pcap.10yrmed_country_tr_Europe,5
soceco_gdp.pcap.10yrmed_country_tr_Southern_Asia,5
soceco_gdp.pcap.10yrmed_country_tr_South_America,5
soceco_gdp.pcap.10yrmed_country_tr_Northern_America,5
soceco_gdp.pcap.10yrmed_country_tr_Africa,5
soceco_gdp.pcap.10yrmed_country_tr_South-Eastern_Asia,5
soceco_gdp.pcap.10yrmed_country_tr_Arab,5
soceco_gdp.pcap.10yrmed_country_tr_Asia,5
soceco_gdp.pcap.10yrmed_country_tr_Central_America,5
soceco_gdp.pcap.10yrmed_country_tr_Australia_and_New_Zealand,5
landuse_urban.change_country_tr_Western_Africa,6
landuse_urban.change_country_tr_Oceania,6
landuse_urban.change_country_tr_Europe,6
landuse_urban.change_country_tr_Southern_Asia,6
landuse_urban.change_country_tr_South_America,6
landuse_urban.change_country_tr_Northern_America,6
landuse_urban.change_country_tr_Africa,6
landuse_urban.change_country_tr_South-Eastern_Asia,6
landuse_urban.change_country_tr_Arab,6
landuse_urban.change_country_tr_Asia,6
landuse_urban.change_country_tr_Central_America,6
landuse_urban.change_country_tr_Australia_and_New_Zealand,6
worldlang_world.language.as.official_country_tr_Europe,7
worldlang_world.language.as.official_country_tr_Southern_Asia,7
worldlang_world.language.as.official_country_tr_South_America,7
worldlang_world.language.as.official_country_tr_Northern_America,7
worldlang_world.language.as.official_country_tr_Africa,7
worldlang_world.language.as.official_country_tr_South-Eastern_Asia,7
worldlang_world.language.as.official_country_tr_Arab,7
worldlang_world.language.as.official_country_tr_Asia,7
worldlang_world.language.as.official_country_tr_Australia_and_New_Zealand,7
edu_minority.education.policy_country_tr_Western_Africa,8
edu_minority.education.policy_country_tr_Oceania,8
edu_minority.education.policy_country_tr_Europe,8
edu_minority.education.policy_country_tr_Southern_Asia,8
edu_minority.education.policy_country_tr_South_America,8
edu_minority.education.policy_country_tr_Northern_America,8
edu_minority.education.policy_country_tr_Africa,8
edu_minority.education.policy_country_tr_South-Eastern_Asia,8
edu_minority.education.policy_country_tr_Arab,8
edu_minority.education.policy_country_tr_Asia,8
edu_minority.education.policy_country_tr_Central_America,8
worldlang_Arabic_country_tr_Western_Africa,9
worldlang_Arabic_country_tr_Europe,9
worldlang_Arabic_country_tr_Southern_Asia,9
worldlang_Arabic_country_tr_Africa,9
worldlang_Arabic_country_tr_Arab,9
worldlang_English_country_tr_Western_Africa,11
worldlang_English_country_tr_Oceania,11
worldlang_English_country_tr_Europe,11
worldlang_English_country_tr_Southern_Asia,11
worldlang_English_country_tr_South_America,11
worldlang_English_country_tr_Northern_America,11
worldlang_English_country_tr_Africa,11
worldlang_English_country_tr_South-Eastern_Asia,11
worldlang_English_country_tr_Arab,11
worldlang_English_country_tr_Asia,11
worldlang_English_country_tr_Central_America,11
worldlang_English_country_tr_Australia_and_New_Zealand,11
worldlang_French_country_tr_Western_Africa,12
worldlang_French_country_tr_Oceania,12
worldlang_French_country_tr_Europe,12
worldlang_French_country_tr_South_America,12
worldlang_French_country_tr_Northern_America,12
worldlang_French_country_tr_Africa,12
worldlang_French_country_tr_South-Eastern_Asia,12
worldlang_French_country_tr_Arab,12
worldlang_French_country_tr_Asia,12
worldlang_Hindustani_country_tr_Oceania,13
worldlang_Hindustani_country_tr_Southern_Asia,13
worldlang_Hindustani_country_tr_South-Eastern_Asia,13
worldlang_Hindustani_country_tr_Arab,13
worldlang_Hindustani_country_tr_Asia,13
worldlang_Mandarin_country_tr_Europe,14
worldlang_Mandarin_country_tr_Southern_Asia,14
worldlang_Mandarin_country_tr_South-Eastern_Asia,14
worldlang_Mandarin_country_tr_Asia,14
worldlang_Portuguese_country_tr_Western_Africa,15
worldlang_Portuguese_country_tr_Europe,15
worldlang_Portuguese_country_tr_South_America,15
worldlang_Portuguese_country_tr_Africa,15
worldlang_Portuguese_country_tr_South-Eastern_Asia,15
worldlang_Portuguese_country_tr_Asia,15
worldlang_Russian_country_tr_Europe,16
worldlang_Russian_country_tr_Southern_Asia,16
worldlang_Russian_country_tr_Northern_America,16
worldlang_Russian_country_tr_Arab,16
worldlang_Russian_country_tr_Asia,16
worldlang_Spanish_country_tr_Europe,17
worldlang_Spanish_country_tr_South_America,17
worldlang_Spanish_country_tr_Northern_America,17
worldlang_Spanish_country_tr_Africa,17
worldlang_Spanish_country_tr_Arab,17
worldlang_Spanish_country_tr_Central_America,17
edu_used.in.education_lang_tr_Western_Africa,18
edu_used.in.education_lang_tr_Oceania,18
edu_used.in.education_lang_tr_Europe,18
edu_used.in.education_lang_tr_Southern_Asia,18
edu_used.in.education_lang_tr_South_America,18
edu_used.in.education_lang_tr_Northern_America,18
edu_used.in.education_lang_tr_Africa,18
edu_used.in.education_lang_tr_South-Eastern_Asia,18
edu_used.in.education_lang_tr_Arab,18
edu_used.in.education_lang_tr_Asia,18
edu_used.in.education_lang_tr_Australia_and_New_Zealand,18
lang_official.in.any.country_lang_tr_Western_Africa,18
lang_official.in.any.country_lang_tr_Oceania,18
lang_official.in.any.country_lang_tr_Europe,18
lang_official.in.any.country_lang_tr_Southern_Asia,18
lang_official.in.any.country_lang_tr_South_America,18
lang_official.in.any.country_lang_tr_Northern_America,18
lang_official.in.any.country_lang_tr_Africa,18
lang_official.in.any.country_lang_tr_South-Eastern_Asia,18
lang_official.in.any.country_lang_tr_Arab,18
lang_official.in.any.country_lang_tr_Asia,18
lang_official.in.any.country_lang_tr_Australia_and_New_Zealand,18
landuse_hfp_polygon_tr_Western_Africa,19
landuse_hfp_polygon_tr_Oceania,19
landuse_hfp_polygon_tr_Europe,19
landuse_hfp_polygon_tr_Southern_Asia,19
landuse_hfp_polygon_tr_South_America,19
landuse_hfp_polygon_tr_Northern_America,19
landuse_hfp_polygon_tr_Africa,19
landuse_hfp_polygon_tr_South-Eastern_Asia,19
landuse_hfp_polygon_tr_Arab,19
landuse_hfp_polygon_tr_Asia,19
landuse_hfp_polygon_tr_Central_America,19
landuse_hfp_polygon_tr_Australia_and_New_Zealand,19
landuse_built_polygon_tr_Western_Africa,20
landuse_built_polygon_tr_Oceania,20
landuse_built_polygon_tr_Europe,20
landuse_built_polygon_tr_Southern_Asia,20
landuse_built_polygon_tr_South_America,20
landuse_built_polygon_tr_Northern_America,20
landuse_built_polygon_tr_Africa,20
landuse_built_polygon_tr_South-Eastern_Asia,20
landuse_built_polygon_tr_Arab,20
landuse_built_polygon_tr_Asia,20
landuse_built_polygon_tr_Central_America,20
landuse_built_polygon_tr_Australia_and_New_Zealand,20
landuse_croplands_polygon_tr_Western_Africa,19
landuse_croplands_polygon_tr_Oceania,19
landuse_croplands_polygon_tr_Europe,19
landuse_croplands_polygon_tr_Southern_Asia,19
landuse_croplands_polygon_tr_South_America,19
landuse_croplands_polygon_tr_Northern_America,19
landuse_croplands_polygon_tr_Africa,19
landuse_croplands_polygon_tr_South-Eastern_Asia,19
landuse_croplands_polygon_tr_Arab,19
landuse_croplands_polygon_tr_Asia,19
landuse_croplands_polygon_tr_Central_America,19
landuse_croplands_polygon_tr_Australia_and_New_Zealand,19
landuse_pasture_polygon_tr_Western_Africa,21
landuse_pasture_polygon_tr_Oceania,21
landuse_pasture_polygon_tr_Europe,21
landuse_pasture_polygon_tr_Southern_Asia,21
landuse_pasture_polygon_tr_South_America,21
landuse_pasture_polygon_tr_Northern_America,21
landuse_pasture_polygon_tr_Africa,21
landuse_pasture_polygon_tr_South-Eastern_Asia,21
landuse_pasture_polygon_tr_Arab,21
landuse_pasture_polygon_tr_Asia,21
landuse_pasture_polygon_tr_Central_America,21
landuse_pasture_polygon_tr_Australia_and_New_Zealand,21
landuse_pop.density_polygon_tr_Western_Africa,19
landuse_pop.density_polygon_tr_Oceania,19
landuse_pop.density_polygon_tr_Europe,19
landuse_pop.density_polygon_tr_Southern_Asia,19
landuse_pop.density_polygon_tr_South_America,19
landuse_pop.density_polygon_tr_Northern_America,19
landuse_pop.density_polygon_tr_Africa,19
landuse_pop.density_polygon_tr_South-Eastern_Asia,19
landuse_pop.density_polygon_tr_Arab,19
landuse_pop.density_polygon_tr_Asia,19
landuse_pop.density_polygon_tr_Central_America,19
landuse_pop.density_polygon_tr_Australia_and_New_Zealand,19
shift_hfp.change_polygon_tr_Western_Africa,19
shift_hfp.change_polygon_tr_Oceania,19
shift_hfp.change_polygon_tr_Europe,19
shift_hfp.change_polygon_tr_Southern_Asia,19
shift_hfp.change_polygon_tr_South_America,19
shift_hfp.change_polygon_tr_Northern_America,19
shift_hfp.change_polygon_tr_Africa,19
shift_hfp.change_polygon_tr_South-Eastern_Asia,19
shift_hfp.change_polygon_tr_Arab,19
shift_hfp.change_polygon_tr_Asia,19
shift_hfp.change_polygon_tr_Central_America,19
shift_hfp.change_polygon_tr_Australia_and_New_Zealand,19
shift_built.change_polygon_tr_Western_Africa,20
shift_built.change_polygon_tr_Oceania,20
shift_built.change_polygon_tr_Europe,20
shift_built.change_polygon_tr_Southern_Asia,20
shift_built.change_polygon_tr_South_America,20
shift_built.change_polygon_tr_Northern_America,20
shift_built.change_polygon_tr_Africa,20
shift_built.change_polygon_tr_South-Eastern_Asia,20
shift_built.change_polygon_tr_Arab,20
shift_built.change_polygon_tr_Asia,20
shift_built.change_polygon_tr_Central_America,20
shift_built.change_polygon_tr_Australia_and_New_Zealand,20
shift_croplands.change_polygon_tr_Western_Africa,19
shift_croplands.change_polygon_tr_Oceania,19
shift_croplands.change_polygon_tr_Europe,19
shift_croplands.change_polygon_tr_Southern_Asia,19
shift_croplands.change_polygon_tr_South_America,19
shift_croplands.change_polygon_tr_Northern_America,19
shift_croplands.change_polygon_tr_Africa,19
shift_croplands.change_polygon_tr_South-Eastern_Asia,19
shift_croplands.change_polygon_tr_Arab,19
shift_croplands.change_polygon_tr_Asia,19
shift_croplands.change_polygon_tr_Central_America,19
shift_croplands.change_polygon_tr_Australia_and_New_Zealand,19
shift_pasture.change_polygon_tr_Western_Africa,21
shift_pasture.change_polygon_tr_Oceania,21
shift_pasture.change_polygon_tr_Europe,21
shift_pasture.change_polygon_tr_Southern_Asia,21
shift_pasture.change_polygon_tr_South_America,21
shift_pasture.change_polygon_tr_Northern_America,21
shift_pasture.change_polygon_tr_Africa,21
shift_pasture.change_polygon_tr_South-Eastern_Asia,21
shift_pasture.change_polygon_tr_Arab,21
shift_pasture.change_polygon_tr_Asia,21
shift_pasture.change_polygon_tr_Central_America,21
shift_pasture.change_polygon_tr_Australia_and_New_Zealand,21
shift_pop.density.change_polygon_tr_Western_Africa,19
shift_pop.density.change_polygon_tr_Oceania,19
shift_pop.density.change_polygon_tr_Europe,19
shift_pop.density.change_polygon_tr_Southern_Asia,19
shift_pop.density.change_polygon_tr_South_America,19
shift_pop.density.change_polygon_tr_Northern_America,19
shift_pop.density.change_polygon_tr_Africa,19
shift_pop.density.change_polygon_tr_South-Eastern_Asia,19
shift_pop.density.change_polygon_tr_Arab,19
shift_pop.density.change_polygon_tr_Asia,19
shift_pop.density.change_polygon_tr_Central_America,19
shift_pop.density.change_polygon_tr_Australia_and_New_Zealand,19
enviro_mgs_polygon_tr_Western_Africa,3
enviro_mgs_polygon_tr_Oceania,3
enviro_mgs_polygon_tr_Europe,3
enviro_mgs_polygon_tr_Southern_Asia,3
enviro_mgs_polygon_tr_South_America,3
enviro_mgs_polygon_tr_Northern_America,3
enviro_mgs_polygon_tr_Africa,3
enviro_mgs_polygon_tr_South-Eastern_Asia,3
enviro_mgs_polygon_tr_Arab,3
enviro_mgs_polygon_tr_Asia,3
enviro_mgs_polygon_tr_Central_America,3
enviro_mgs_polygon_tr_Australia_and_New_Zealand,3
enviro_temperature.seasonality_polygon_tr_Western_Africa,3
enviro_temperature.seasonality_polygon_tr_Oceania,3
enviro_temperature.seasonality_polygon_tr_Europe,3
enviro_temperature.seasonality_polygon_tr_Southern_Asia,3
enviro_temperature.seasonality_polygon_tr_South_America,3
enviro_temperature.seasonality_polygon_tr_Northern_America,3
enviro_temperature.seasonality_polygon_tr_Africa,3
enviro_temperature.seasonality_polygon_tr_South-Eastern_Asia,3
enviro_temperature.seasonality_polygon_tr_Arab,3
enviro_temperature.seasonality_polygon_tr_Asia,3
enviro_temperature.seasonality_polygon_tr_Central_America,3
enviro_temperature.seasonality_polygon_tr_Australia_and_New_Zealand,3
enviro_precipitation.seasonality_polygon_tr_Western_Africa,3
enviro_precipitation.seasonality_polygon_tr_Oceania,3
enviro_precipitation.seasonality_polygon_tr_Europe,3
enviro_precipitation.seasonality_polygon_tr_Southern_Asia,3
enviro_precipitation.seasonality_polygon_tr_South_America,3
enviro_precipitation.seasonality_polygon_tr_Northern_America,3
enviro_precipitation.seasonality_polygon_tr_Africa,3
enviro_precipitation.seasonality_polygon_tr_South-Eastern_Asia,3
enviro_precipitation.seasonality_polygon_tr_Arab,3
enviro_precipitation.seasonality_polygon_tr_Asia,3
enviro_precipitation.seasonality_polygon_tr_Central_America,3
enviro_precipitation.seasonality_polygon_tr_Australia_and_New_Zealand,3
div_language.richness_nb_tr_Western_Africa,22
div_language.richness_nb_tr_Oceania,22
div_language.richness_nb_tr_Europe,22
div_language.richness_nb_tr_Southern_Asia,22
div_language.richness_nb_tr_South_America,22
div_language.richness_nb_tr_Northern_America,22
div_language.richness_nb_tr_Africa,22
div_language.richness_nb_tr_South-Eastern_Asia,22
div_language.richness_nb_tr_Arab,22
div_language.richness_nb_tr_Asia,22
div_language.richness_nb_tr_Central_America,22
div_language.richness_nb_tr_Australia_and_New_Zealand,22
div_threatened.languages_nb_tr_Western_Africa,22
div_threatened.languages_nb_tr_Oceania,22
div_threatened.languages_nb_tr_Europe,22
div_threatened.languages_nb_tr_Southern_Asia,22
div_threatened.languages_nb_tr_South_America,22
div_threatened.languages_nb_tr_Northern_America,22
div_threatened.languages_nb_tr_Africa,22
div_threatened.languages_nb_tr_South-Eastern_Asia,22
div_threatened.languages_nb_tr_Arab,22
div_threatened.languages_nb_tr_Asia,22
div_threatened.languages_nb_tr_Central_America,22
div_threatened.languages_nb_tr_Australia_and_New_Zealand,22
div_prop.threatened.languages_nb_tr_Western_Africa,22
div_prop.threatened.languages_nb_tr_Oceania,22
div_prop.threatened.languages_nb_tr_Europe,22
div_prop.threatened.languages_nb_tr_Southern_Asia,22
div_prop.threatened.languages_nb_tr_South_America,22
div_prop.threatened.languages_nb_tr_Northern_America,22
div_prop.threatened.languages_nb_tr_Africa,22
div_prop.threatened.languages_nb_tr_South-Eastern_Asia,22
div_prop.threatened.languages_nb_tr_Arab,22
div_prop.threatened.languages_nb_tr_Asia,22
div_prop.threatened.languages_nb_tr_Central_America,22
div_prop.threatened.languages_nb_tr_Australia_and_New_Zealand,22
div_language.evenness_nb_tr_Western_Africa,23
div_language.evenness_nb_tr_Oceania,23
div_language.evenness_nb_tr_Europe,23
div_language.evenness_nb_tr_Southern_Asia,23
div_language.evenness_nb_tr_South_America,23
div_language.evenness_nb_tr_Northern_America,23
div_language.evenness_nb_tr_Africa,23
div_language.evenness_nb_tr_South-Eastern_Asia,23
div_language.evenness_nb_tr_Arab,23
div_language.evenness_nb_tr_Asia,23
div_language.evenness_nb_tr_Central_America,23
div_language.evenness_nb_tr_Australia_and_New_Zealand,23
conn_nav.water_nb_tr_Western_Africa,24
conn_nav.water_nb_tr_Oceania,24
conn_nav.water_nb_tr_Europe,24
conn_nav.water_nb_tr_Southern_Asia,24
conn_nav.water_nb_tr_South_America,24
conn_nav.water_nb_tr_Northern_America,24
conn_nav.water_nb_tr_Africa,24
conn_nav.water_nb_tr_South-Eastern_Asia,24
conn_nav.water_nb_tr_Arab,24
conn_nav.water_nb_tr_Asia,24
conn_nav.water_nb_tr_Central_America,24
conn_nav.water_nb_tr_Australia_and_New_Zealand,24
conn_roads_nb_tr_Western_Africa,19
conn_roads_nb_tr_Oceania,19
conn_roads_nb_tr_Europe,19
conn_roads_nb_tr_Southern_Asia,19
conn_roads_nb_tr_South_America,19
conn_roads_nb_tr_Northern_America,19
conn_roads_nb_tr_Africa,19
conn_roads_nb_tr_South-Eastern_Asia,19
conn_roads_nb_tr_Arab,19
conn_roads_nb_tr_Asia,19
conn_roads_nb_tr_Central_America,19
conn_roads_nb_tr_Australia_and_New_Zealand,19
conn_altitude.range_tr_Western_Africa,25
conn_altitude.range_tr_Oceania,25
conn_altitude.range_tr_Europe,25
conn_altitude.range_tr_Southern_Asia,25
conn_altitude.range_tr_South_America,25
conn_altitude.range_tr_Northern_America,25
conn_altitude.range_tr_Africa,25
conn_altitude.range_tr_South-Eastern_Asia,25
conn_altitude.range_tr_Arab,25
conn_altitude.range_tr_Asia,25
conn_altitude.range_tr_Central_America,25
conn_altitude.range_tr_Australia_and_New_Zealand,25
conn_roughness_nb_tr_Western_Africa,25
conn_roughness_nb_tr_Oceania,25
conn_roughness_nb_tr_Europe,25
conn_roughness_nb_tr_Southern_Asia,25
conn_roughness_nb_tr_South_America,25
conn_roughness_nb_tr_Northern_America,25
conn_roughness_nb_tr_Africa,25
conn_roughness_nb_tr_South-Eastern_Asia,25
conn_roughness_nb_tr_Arab,25
conn_roughness_nb_tr_Asia,25
conn_roughness_nb_tr_Central_America,25
conn_roughness_nb_tr_Australia_and_New_Zealand,25
div_bordering.language.richness_lang_tr_Western_Africa,22
div_bordering.language.richness_lang_tr_Oceania,22
div_bordering.language.richness_lang_tr_Europe,22
div_bordering.language.richness_lang_tr_Southern_Asia,22
div_bordering.language.richness_lang_tr_South_America,22
div_bordering.language.richness_lang_tr_Northern_America,22
div_bordering.language.richness_lang_tr_Africa,22
div_bordering.language.richness_lang_tr_South-Eastern_Asia,22
div_bordering.language.richness_lang_tr_Arab,22
div_bordering.language.richness_lang_tr_Asia,22
div_bordering.language.richness_lang_tr_Central_America,22
div_bordering.language.richness_lang_tr_Australia_and_New_Zealand,22
div_bordering.language.richness.per.km.perim_lang_tr_Western_Africa,22
div_bordering.language.richness.per.km.perim_lang_tr_Oceania,22
div_bordering.language.richness.per.km.perim_lang_tr_Europe,22
div_bordering.language.richness.per.km.perim_lang_tr_Southern_Asia,22
div_bordering.language.richness.per.km.perim_lang_tr_South_America,22
div_bordering.language.richness.per.km.perim_lang_tr_Northern_America,22
div_bordering.language.richness.per.km.perim_lang_tr_Africa,22
div_bordering.language.richness.per.km.perim_lang_tr_South-Eastern_Asia,22
div_bordering.language.richness.per.km.perim_lang_tr_Arab,22
div_bordering.language.richness.per.km.perim_lang_tr_Asia,22
div_bordering.language.richness.per.km.perim_lang_tr_Central_America,22
div_bordering.language.richness.per.km.perim_lang_tr_Australia_and_New_Zealand,22
div_bordering.language.evenness_lang_tr_Western_Africa,22
div_bordering.language.evenness_lang_tr_Oceania,22
div_bordering.language.evenness_lang_tr_Europe,22
div_bordering.language.evenness_lang_tr_Southern_Asia,22
div_bordering.language.evenness_lang_tr_South_America,22
div_bordering.language.evenness_lang_tr_Northern_America,22
div_bordering.language.evenness_lang_tr_Africa,22
div_bordering.language.evenness_lang_tr_South-Eastern_Asia,22
div_bordering.language.evenness_lang_tr_Arab,22
div_bordering.language.evenness_lang_tr_Asia,22
div_bordering.language.evenness_lang_tr_Central_America,22
div_bordering.language.evenness_lang_tr_Australia_and_New_Zealand,22
biodiv_species.endangered_polygon_tr_Western_Africa,26
biodiv_species.endangered_polygon_tr_Oceania,26
biodiv_species.endangered_polygon_tr_Europe,26
biodiv_species.endangered_polygon_tr_Southern_Asia,26
biodiv_species.endangered_polygon_tr_South_America,26
biodiv_species.endangered_polygon_tr_Northern_America,26
biodiv_species.endangered_polygon_tr_Africa,26
biodiv_species.endangered_polygon_tr_South-Eastern_Asia,26
biodiv_species.endangered_polygon_tr_Arab,26
biodiv_species.endangered_polygon_tr_Asia,26
biodiv_species.endangered_polygon_tr_Central_America,26
biodiv_species.endangered_polygon_tr_Australia_and_New_Zealand,26
biodiv_species.prop.endangered_polygon_tr_Western_Africa,26
biodiv_species.prop.endangered_polygon_tr_Oceania,26
biodiv_species.prop.endangered_polygon_tr_Europe,26
biodiv_species.prop.endangered_polygon_tr_Southern_Asia,26
biodiv_species.prop.endangered_polygon_tr_South_America,26
biodiv_species.prop.endangered_polygon_tr_Northern_America,26
biodiv_species.prop.endangered_polygon_tr_Africa,26
biodiv_species.prop.endangered_polygon_tr_South-Eastern_Asia,26
biodiv_species.prop.endangered_polygon_tr_Arab,26
biodiv_species.prop.endangered_polygon_tr_Asia,26
biodiv_species.prop.endangered_polygon_tr_Central_America,26
biodiv_species.prop.endangered_polygon_tr_Australia_and_New_Zealand,26
enviro_mean.annual.temperature.kelvin_polygon_tr_Western_Africa,3
enviro_mean.annual.temperature.kelvin_polygon_tr_Oceania,3
enviro_mean.annual.temperature.kelvin_polygon_tr_Europe,3
enviro_mean.annual.temperature.kelvin_polygon_tr_Southern_Asia,3
enviro_mean.annual.temperature.kelvin_polygon_tr_South_America,3
enviro_mean.annual.temperature.kelvin_polygon_tr_Northern_America,3
enviro_mean.annual.temperature.kelvin_polygon_tr_Africa,3
enviro_mean.annual.temperature.kelvin_polygon_tr_South-Eastern_Asia,3
enviro_mean.annual.temperature.kelvin_polygon_tr_Arab,3
enviro_mean.annual.temperature.kelvin_polygon_tr_Asia,3
enviro_mean.annual.temperature.kelvin_polygon_tr_Central_America,3
enviro_mean.annual.temperature.kelvin_polygon_tr_Australia_and_New_Zealand,3
div_L1pop.over.nb.popdens_nb_tr_Western_Africa,2
div_L1pop.over.nb.popdens_nb_tr_Oceania,2
div_L1pop.over.nb.popdens_nb_tr_Europe,2
div_L1pop.over.nb.popdens_nb_tr_Southern_Asia,2
div_L1pop.over.nb.popdens_nb_tr_South_America,2
div_L1pop.over.nb.popdens_nb_tr_Northern_America,2
div_L1pop.over.nb.popdens_nb_tr_Africa,2
div_L1pop.over.nb.popdens_nb_tr_South-Eastern_Asia,2
div_L1pop.over.nb.popdens_nb_tr_Arab,2
div_L1pop.over.nb.popdens_nb_tr_Asia,2
div_L1pop.over.nb.popdens_nb_tr_Central_America,2
div_L1pop.over.nb.popdens_nb_tr_Australia_and_New_Zealand,2
lang_polygon.area_lang_tr_Western_Africa,22
lang_polygon.area_lang_tr_Oceania,22
lang_polygon.area_lang_tr_Europe,22
lang_polygon.area_lang_tr_Southern_Asia,22
lang_polygon.area_lang_tr_South_America,22
lang_polygon.area_lang_tr_Northern_America,22
lang_polygon.area_lang_tr_Africa,22
lang_polygon.area_lang_tr_South-Eastern_Asia,22
lang_polygon.area_lang_tr_Arab,22
lang_polygon.area_lang_tr_Asia,22
lang_polygon.area_lang_tr_Central_America,22
lang_polygon.area_lang_tr_Australia_and_New_Zealand,22
lang_documentation_lang_tr_Western_Africa,27
lang_documentation_lang_tr_Oceania,27
lang_documentation_lang_tr_Europe,27
lang_documentation_lang_tr_Southern_Asia,27
lang_documentation_lang_tr_South_America,27
lang_documentation_lang_tr_Northern_America,27
lang_documentation_lang_tr_Africa,27
lang_documentation_lang_tr_South-Eastern_Asia,27
lang_documentation_lang_tr_Arab,27
lang_documentation_lang_tr_Asia,27
lang_documentation_lang_tr_Central_America,27
lang_documentation_lang_tr_Australia_and_New_Zealand,27
Polysynthetic_Oceania,28
Polysynthetic_Europe,28
Polysynthetic_Southern_Asia,28
Polysynthetic_South_America,28
Polysynthetic_Northern_America,28
Polysynthetic_Arab,28
Polysynthetic_Asia,28
Polysynthetic_Central_America,28
Polysynthetic_Australia_and_New_Zealand,28
Extended_Oceania,28
Extended_Europe,28
Extended_Southern_Asia,28
Extended_South_America,28
Extended_Northern_America,28
Extended_South-Eastern_Asia,28
Extended_Arab,28
Extended_Asia,28
Extended_Central_America,28
Extended_Australia_and_New_Zealand,28